样品编号,检项,标准规定,检验结果,单位,判定
S2026090001,性状,白色或类白色粉末,白色粉末,,符合规定
S2026090001,鉴别,应与对照品一致,符合,,符合规定
S2026090001,有关物质,≤ 0.5%,0.68,%,不符合规定
S2026090001,含量测定,98.0%~102.0%,99.6,%,符合规定
S2026090001,干燥失重,≤ 2.0%,0.35,%,符合规定
S2026090001,pH 值,5.0~7.0,6.2,,符合规定
S2026090002,性状,白色或类白色粉末,白色粉末,,符合规定
S2026090002,鉴别,应与对照品一致,符合,,符合规定
S2026090002,有关物质,≤ 0.5%,0.12,%,符合规定
S2026090002,含量测定,98.0%~102.0%,99.6,%,符合规定
S2026090002,干燥失重,≤ 2.0%,0.35,%,符合规定
S2026090002,pH 值,5.0~7.0,6.2,,符合规定
00903,含量测定,98.0%~102.0%,99.6,%,符合规定
S2026090004,性状,白色或类白色粉末,白色粉末,,符合规定
S2026090004,鉴别,应与对照品一致,符合,,符合规定
S2026090004,有关物质,≤ 0.5%,0.12,%,符合规定
S2026090004,含量测定,98.0%~102.0%,99.6,%,符合规定
S2026090004,干燥失重,≤ 2.0%,0.35,%,符合规定
S2026090004,溶解度,应符合规定,符合,,符合规定
S2026090004,溶液颜色,≤ Y6,Y4,号,符合规定
S2026090004,澄清度,≤ 2 号浊度标准液,1,号,符合规定
S2026090004,pH 值,5.0~7.0,6.2,,符合规定
S2026090004,重金属,≤ 20ppm,8,ppm,符合规定
S2026090004,炽灼残渣,≤ 0.1%,0.03,%,符合规定
S2026090004,微生物限度,≤ 1000cfu/g,120,cfu/g,符合规定
S2026090005,性状,白色或类白色粉末,白色粉末,,符合规定
S2026090005,鉴别,应与对照品一致,,,
S2026090005,含量测定,98.0%~102.0%,99.6,%,符合规定

,,,,,
合计,,,,28,
说明：本文件由仪器工作站导出，仅供内部核对。,,,,,
