委托单号,客户名称,样品编号,送样日期,检测类别,检测项目,结果值,单位,报告状态,报告日期
WT2026-0000701,华泰新材料有限公司,0000101,2026-09-03,水质,pH值,7.2,,已出报告,2026-09-08
WT2026-0000701,华泰新材料有限公司,0000101,2026-09-03,水质,铅,<0.01,mg/L,已出报告,2026-09-08
WT2026-0000701,华泰新材料有限公司,0000102,2026-09-03,水质,化学需氧量,128,mg/L,已出报告,2026-09-08
WT2026-0000701,华泰新材料有限公司,0000102,2026-09-03,水质,化学需氧量,96,mg/L,已出报告,2026-09-20
WT2026-0000702,华泰新材料有限公司,0000103,2026-09-10,土壤,铅,156,mg/kg,已出报告,2026-09-15
WT2026-0000702,华泰新材料有限公司,0000103,2026-09-10,土壤,镉,0.9,mg/kg,已出报告,2026-09-15
WT2026-0000702,华泰新材料有限公司,0000103,2026-09-14,土壤,镉,0.3,mg/kg,已作废,2026-09-16
WT2026-0000703,华泰新材料有限公司,0000104,2026-09-20,水质,pH值,4.1,,审核中,
WT2026-0000703,华泰新材料有限公司,0000104,2026-09-20,水质,铅,0.032,mg/L,审核中,
WT2026-0000704,同安环境检测有限公司 ,0000105,2026-09-05,水质,铅,<0.01,mg/L,已出报告,2026-09-09
WT2026-0000704,同安环境检测有限公司　,0000105,2026-09-05,水质,总硬度,210,mg/L,已出报告,2026-09-09
WT2026-0000704,同安环境检测有限公司,0000106,2026-09-05,水质,pH值,7.8,,已出报告,2026-09-09
WT2026-0000705,同安环境检测有限公司,0000107,2026-09-12,土壤,镉,0.45,mg/kg,已出报告,2026-09-17
WT2026-0000705,同安环境检测有限公司,0000108,2026-09-12,土壤,铅,182,mg/kg,已出报告,2026-09-17
WT2026-0000706,恒基食品科技有限公司,0000109,2026-09-06,食品,菌落总数,86000,CFU/g,已出报告,2026-09-10
WT2026-0000706,恒基食品科技有限公司,0000110,2026-09-06,食品,大肠菌群,未检出,,已出报告,2026-09-10
WT2026-0000707,恒基食品科技有限公司,0000111,2026-09-18,食品,菌落总数,150000,CFU/g,已出报告,2026-09-22
WT2026-0000707,恒基食品科技有限公司,0000111,2026-09-18,食品,大肠菌群,检出,,已出报告,2026-09-22
WT2026-0000709,恒基食品科技有限公司,0000113,2026-09-21,食品,大肠菌群,,,已出报告,2026-09-23
WT2026-0000708,信远电子科技有限公司,0000112,2026-09-08,电子,铅含量,860,mg/kg,已出报告,2026-09-12
,,,,,,,,,合计：20 条（含已作废与报告未出）
