受理日期,客户名称,客户联系人,送样方式,报告交付方式,加急,样品名称,客户样品编号,样品数量,检测项目,依据标准,备注
2026-09-18,浙江宏远纺织有限公司,李工,自送,电子+纸质,,全棉染色布,0000713,2,甲醛含量、pH值、异味,GB 18401-2010,急件样品已拆封拍照
2026-09-18,浙江宏远纺织有限公司,李工,自送,电子+纸质,,涤纶针织布,0000714,1,耐摩擦色牢度/耐水色牢度,GB/T 3920-2008,
2026-09-18,浙江宏远纺织有限公司,李工,自送,电子+纸质,,涤棉混纺布,HR-2026-088,3,纤维含量,GB/T 2910.1-2009,客户自编编号，不是本机构格式
2026-09-18,苏州新亚电子材料有限公司,王女士,寄样,电子,,覆铜板,XYA-001,4,剥离强度、耐浸焊性,IPC-TM-650 2.4.9,
2026/9/18,苏州新亚电子材料有限公司　,王女士,寄样,电子,,环氧树脂,XYA-002,2,玻璃化转变温度,IPC-TM-650 2.4.24,后半批补寄，同一委托
2026.09.18, 苏州新亚电子材料有限公司 ,王女士,寄样,电子,,铜箔,XYA-003,1,抗拉强度、延伸率,GB/T 5230-2020,
2026-09-18,上海启海化工有限公司,张经理,上门取样,电子,加急,废水水样 A,W-0918-A,1,pH、化学需氧量、氨氮,HJ 828-2017,加急，48 小时出报告
2026-09-18,上海启海化工有限公司,张经理,上门取样,电子,,废水水样 B,W-0918-B,2,pH、总磷,HJ 828-2017,
2026-09-19,浙江宏远纺织有限公司,李工,自送,电子+纸质,,家纺面料,0000721,2,甲醛含量、pH值,GB 18401-2010,
2026-09-19,浙江宏远纺织有限公司,李工,自送,电子+纸质,,装饰面料,0000722,1,阻燃性能,GB 8624-2012,追加委托
2026-09-19,宁波航海紧固件有限公司,陈工,寄样,纸质,,螺栓 M12,HB-0921,1,抗拉强度,,客户没写标准号，已催
2026-09-19,台州欣达塑业有限公司,赵工,寄样,电子,,塑料管件,XD-0921-1,2 支,静液压强度,GB/T 6111-2018,客户口头说 2 支，原件上也是这么写的
2026-09-20,杭州锦泰包装有限公司,周工,寄样,电子,,瓦楞纸箱,JT-0920-1,5,,GB/T 6543-2008,项目待客户确认
2026-09-20,,,自送,纸质,,土壤样品,,1,pH、重金属,HJ 803-2016,前台登记时漏填客户名称
2026-09-20,山东鲁南建材有限公司,孙工,自送,电子,,水泥试样 01,LN-01,1,抗压强度,GB/T 17671-2021,
2026-09-20,山东鲁南建材有限公司,孙工,自送,电子,,水泥试样 02,LN-02,1,抗压强度,GB/T 17671-2021,
2026-09-20,山东鲁南建材有限公司,孙工,自送,电子,,水泥试样 03,LN-03,1,抗压强度,GB/T 17671-2021,
2026-09-20,山东鲁南建材有限公司,孙工,自送,电子,,水泥试样 04,LN-04,1,抗压强度,GB/T 17671-2021,
2026-09-20,山东鲁南建材有限公司,孙工,自送,电子,,水泥试样 05,LN-05,1,抗压强度,GB/T 17671-2021,
2026-09-20,山东鲁南建材有限公司,孙工,自送,电子,,水泥试样 06,LN-06,1,抗压强度,GB/T 17671-2021,
2026-09-20,山东鲁南建材有限公司,孙工,自送,电子,,水泥试样 07,LN-07,1,抗压强度,GB/T 17671-2021,
2026-09-20,山东鲁南建材有限公司,孙工,自送,电子,,水泥试样 08,LN-08,1,抗压强度,GB/T 17671-2021,
2026-09-20,山东鲁南建材有限公司,孙工,自送,电子,,水泥试样 09,LN-09,1,抗压强度,GB/T 17671-2021,
待定,常州华通金属制品有限公司,吴工,寄样,电子,,铝合金型材,HT-0923,1,化学成分,GB/T 7999-2015,受理日期待业务确认
,说明：本表由前台按客户委托原件登记，一行一个样品；同一份委托单的多行样品，受理日期与客户名称要填成一致。,,,,,,,,,,
