批号,时间点,检项,标准规定,检验结果,单位
240905,0 天,性状,白色或类白色粉末,白色粉末,
240905,0 天,鉴别,应与对照品一致,符合,
240905,0 天,有关物质,≤ 0.5%,0.12,%
240905,0 天,含量测定,98.0%~102.0%,99.6,%
240905,0 天,干燥失重,≤ 2.0%,0.35,%
240905,0 天,pH 值,5.0~7.0,6.2,
240905,1 个月,性状,白色或类白色粉末,白色粉末,
240905,1 个月,鉴别,应与对照品一致,符合,
240905,1 个月,有关物质,≤ 0.5%,0.12,%
240905,1 个月,含量测定,98.0%~102.0%,99.6,%
240905,1 个月,干燥失重,≤ 2.0%,0.35,%
240905,1 个月,pH 值,5.0~7.0,6.2,
240905,3 个月,性状,白色或类白色粉末,白色粉末,
240905,3 个月,鉴别,应与对照品一致,符合,
240905,3 个月,有关物质,≤ 0.5%,0.12,%
240905,3 个月,含量测定,98.0%~102.0%,99.6,%
240905,3 个月,干燥失重,≤ 2.0%,0.35,%
240905,3 个月,pH 值,5.0~7.0,6.2,
240905,6 个月,性状,白色或类白色粉末,白色粉末,
240905,6 个月,鉴别,应与对照品一致,符合,
240905,6 个月,有关物质,≤ 0.5%,0.12,%
240905,6 个月,含量测定,98.0%~102.0%,99.6,%
240905,6 个月,干燥失重,≤ 2.0%,0.35,%
240905,6 个月,pH 值,5.0~7.0,6.2,
240906,0 天,性状,白色或类白色粉末,白色粉末,
240906,0 天,鉴别,应与对照品一致,符合,
240906,0 天,有关物质,≤ 0.5%,0.12,%
240906,0 天,含量测定,98.0%~102.0%,99.6,%
240906,0 天,干燥失重,≤ 2.0%,0.35,%
240906,0 天,pH 值,5.0~7.0,6.2,
240906,1 个月,性状,白色或类白色粉末,白色粉末,
240906,1 个月,鉴别,应与对照品一致,符合,
240906,1 个月,有关物质,≤ 0.5%,0.12,%
240906,1 个月,含量测定,98.0%~102.0%,99.6,%
240906,1 个月,干燥失重,≤ 2.0%,0.35,%
240906,1 个月,pH 值,5.0~7.0,6.2,
240906,3 个月,性状,白色或类白色粉末,白色粉末,
240906,3 个月,鉴别,应与对照品一致,符合,
240906,3 个月,有关物质,≤ 0.5%,0.12,%
240906,3 个月,含量测定,98.0%~102.0%,99.6,%
240906,3 个月,干燥失重,≤ 2.0%,0.35,%
240906,3 个月,pH 值,5.0~7.0,6.2,
240906,6 个月,性状,白色或类白色粉末,白色粉末,
240906,6 个月,鉴别,应与对照品一致,符合,
240906,6 个月,有关物质,≤ 0.5%,0.12,%
240906,6 个月,含量测定,98.0%~102.0%,99.6,%
240906,6 个月,干燥失重,≤ 2.0%,,%
240906,6 个月,pH 值,5.0~7.0,6.2,
00903,0 天,性状,白色或类白色粉末,白色粉末,
00903,0 天,鉴别,应与对照品一致,符合,
00903,0 天,有关物质,≤ 0.5%,0.12,%
00903,0 天,含量测定,98.0%~102.0%,99.6,%
00903,0 天,干燥失重,≤ 2.0%,0.35,%
00903,0 天,pH 值,5.0~7.0,6.2,
00903,1 个月,性状,白色或类白色粉末,白色粉末,
00903,1 个月,鉴别,应与对照品一致,符合,
00903,1 个月,有关物质,≤ 0.5%,0.12,%
00903,1 个月,含量测定,98.0%~102.0%,99.6,%
00903,1 个月,干燥失重,≤ 2.0%,0.35,%
00903,1 个月,pH 值,5.0~7.0,6.2,
00903,3 个月,性状,白色或类白色粉末,白色粉末,
00903,3 个月,鉴别,应与对照品一致,符合,
00903,3 个月,有关物质,≤ 0.5%,0.12,%
00903,3 个月,含量测定,98.0%~102.0%,99.6,%
00903,3 个月,干燥失重,≤ 2.0%,0.35,%
00903,3 个月,pH 值,5.0~7.0,6.2,
241012,0 天,含量测定,98.0%~102.0%,99.6,%
241115,0 天,性状,白色或类白色粉末,白色粉末,
241115,0 天,鉴别,应与对照品一致,符合,
241115,0 天,有关物质,≤ 0.5%,0.12,%
241115,0 天,含量测定,98.0%~102.0%,99.6,%
241115,0 天,干燥失重,≤ 2.0%,0.35,%
241115,0 天,溶解度,应符合规定,符合,
241115,0 天,溶液颜色,≤ Y6,Y4,号
241115,0 天,澄清度,≤ 2 号浊度标准液,1,号
241115,0 天,pH 值,5.0~7.0,6.2,
241115,0 天,重金属,≤ 20ppm,8,ppm
241115,0 天,炽灼残渣,≤ 0.1%,0.03,%
241115,0 天,微生物限度,≤ 1000cfu/g,120,cfu/g
241115,1 个月,性状,白色或类白色粉末,白色粉末,
241115,1 个月,鉴别,应与对照品一致,符合,
241115,1 个月,有关物质,≤ 0.5%,0.12,%
241115,1 个月,含量测定,98.0%~102.0%,99.6,%
241115,1 个月,干燥失重,≤ 2.0%,0.35,%
241115,1 个月,溶解度,应符合规定,符合,
241115,1 个月,溶液颜色,≤ Y6,Y4,号
241115,1 个月,澄清度,≤ 2 号浊度标准液,1,号
241115,1 个月,pH 值,5.0~7.0,6.2,
241115,1 个月,重金属,≤ 20ppm,8,ppm
241115,1 个月,炽灼残渣,≤ 0.1%,0.03,%
241115,1 个月,微生物限度,≤ 1000cfu/g,120,cfu/g
241115,3 个月,性状,白色或类白色粉末,白色粉末,
241115,3 个月,鉴别,应与对照品一致,符合,
241115,3 个月,有关物质,≤ 0.5%,0.12,%
241115,3 个月,含量测定,98.0%~102.0%,99.6,%
241115,3 个月,干燥失重,≤ 2.0%,0.35,%
241115,3 个月,溶解度,应符合规定,符合,
241115,3 个月,溶液颜色,≤ Y6,Y4,号
241115,3 个月,澄清度,≤ 2 号浊度标准液,1,号
241115,3 个月,pH 值,5.0~7.0,6.2,
241115,3 个月,重金属,≤ 20ppm,,ppm
241115,3 个月,炽灼残渣,≤ 0.1%,0.03,%
241115,3 个月,微生物限度,≤ 1000cfu/g,120,cfu/g
241115,6 个月,性状,白色或类白色粉末,白色粉末,
241115,6 个月,鉴别,应与对照品一致,符合,
241115,6 个月,有关物质,≤ 0.5%,0.63,%
241115,6 个月,含量测定,98.0%~102.0%,99.6,%
241115,6 个月,干燥失重,≤ 2.0%,0.35,%
241115,6 个月,溶解度,应符合规定,符合,
241115,6 个月,溶液颜色,≤ Y6,Y4,号
241115,6 个月,澄清度,≤ 2 号浊度标准液,1,号
241115,6 个月,pH 值,5.0~7.0,6.2,
241115,6 个月,重金属,≤ 20ppm,8,ppm
241115,6 个月,炽灼残渣,≤ 0.1%,0.03,%
241115,6 个月,微生物限度,≤ 1000cfu/g,120,cfu/g

,,,,,,
合计,115,,,,
说明：本文件由仪器工作站导出，仅供内部核对。,,,,,
