申请日期,报告编号,客户名称,报告类型,审签状态,报告文件,申请人,备注
2026-09-27,JC2026-1001,启海环境检测,委托检测报告,已审签,报告_JC2026-1001.pdf,周慧,
2026-09-27,JC2026-1002,海门建材,委托检测报告,已审签,报告_JC2026-1002.pdf,周慧,
2026-09-27,0000122,宏远食品,委托检测报告,已审签,报告_0000122.pdf,周慧,老系统编号，前导零照原样
2026-09-27,JC2026-1004,启东土壤,内部质控报告,已审签,报告_JC2026-1004.pdf,李昶,
2026-09-27,JC2026-1005,崇明水务,加急委托报告,已审签,报告_JC2026-1005.pdf,李昶,客户催，今天必须发
2026-09-27,JC2026-1006,苏通包装,涉外检测报告,已审签,报告_JC2026-1006.pdf,周慧,
2026-09-27,JC2026-1007,江海水质,委托检测报告,审核中,报告_JC2026-1007.pdf,李昶,技术负责人还没签
2026-09-27,JC2026-1008,欣荣化工,委托检测报告,已作废,报告_JC2026-1008.pdf,周慧,客户改了委托项目，这份作废重出
2026-09-27,JC2026-1009,通州金属,委托检测报告,已审签,报告_JC2026-1009.pdf,周慧,
2026-09-27,JC2026-1010,启海环境检测,委托检测报告,已审签,报告_JC2026-1010.pdf,周慧,
2026-09-27,JC2026-1011,大丰农科,年度评估报告,已审签,报告_JC2026-1011.pdf,李昶,这个类型今年刚开
2026-09-27,JC2026-1012,金鼎检测　,委托检测报告,已审签,报告_JC2026-1012.pdf,周慧,客户名后面带了个全角空格
2026-09-27,JC2026-1013,海隆电子,委托检测报告,已审签,报告_JC2026-1013.pdf,周慧,只有一页
2026-09-27,JC2026-1001,启海环境检测,委托检测报告,已审签,报告_JC2026-1001.pdf,李昶,催得急，重复报了一次
,,,,,,,以下空白
