样本编号,中心代码,检测项目,结果,单位,判定,状态,检测日期
0000713,01,pH,6.82,,合格,已出报告,2026-09-02
0000714,01,pH,6.34,,合格,已出报告,2026-09-02
0000021,01,残留溶剂,12.5,mg/L,合格,已出报告,2026-09-03
0000022,01,残留溶剂,<0.01,mg/L,合格,已出报告,2026-09-03
0000030,01,含量,98.6,g/L,合格,已出报告,2026-09-04
0000031,01,含量,95.2,g/L,不合格,已出报告,2026-09-04
0000040,01,有关物质,0.42,%,合格,已出报告,2026-09-05
0000041,01,有关物质,1.86,%,不合格,已出报告,2026-09-05
0000050,01,重金属,未检出,mg/kg,合格,已出报告,2026-09-06
0000051,01,重金属,2.4,mg/kg,合格,已出报告,2026-09-06
0000060,01,微生物限度,120,CFU/g,合格,已出报告,2026-09-07
0000070,01,干燥失重,0.31,%,合格,已出报告,2026-09-07
0000080,01,炽灼残渣,0.08,%,—,已出报告,2026-09-08
0000081,01,炽灼残渣,,,,已作废,2026-09-08
0000090,01,pH,6.50,,,复检中,2026-09-09
0000091,01,残留溶剂,11.0,mg/L,合格,,2026-09-09
BJ-0001,02,pH,7.05,,合格,已出报告,2026-09-03
BJ-0002,02,含量,99.1,g/L,合格,已出报告,2026-09-04
BJ-0003,02,pH,6.97,,合格,已出报告,2026-09-05
BJ-0004,02,含量,101.5,g/L,不合格,已出报告,2026-09-06
GZ-1001,03,pH,6.55,,合格,已出报告,2026-09-02
GZ-1002,03,pH,6.48,,合格,已出报告,2026-09-03
GZ-1003,03,pH,6.72,,合格,已出报告,2026-09-04
GZ-1010,03,含量,98.6 g/L,,合格,已出报告,2026-09-05
GZ-1011,03,含量,97.4,g/L,合格,已出报告,2026-09-05
GZ-1012,03,含量,94.8,g/L,不合格,已出报告,2026-09-06
GZ-1013,03,含量,99.2,g/L,合格,已出报告,2026-09-06
GZ-1020,03,重金属,2.1,mg/kg,合格,已出报告,2026-09-07
GZ-1021,03,重金属,未检出,mg/kg,合格,已出报告,2026-09-07
GZ-1022,03,重金属,<0.5,mg/kg,合格,已出报告,2026-09-08
GZ-1030,03,干燥失重,0.25,%,合格,已出报告,2026-09-08
GZ-1031,03,干燥失重,0.33,%,合格,已出报告,2026-09-09
GZ-1040,03,炽灼残渣,0.06,%,—,已出报告,2026-09-09
GZ-1041,03,炽灼残渣,0.10,%,合格,已出报告,2026-09-09
GZ-1050,03,pH,6.60,,合格,已作废,2026-09-09

,,说明：本文件由系统导出，判定栏「—」表示未判定,,,,,
