样本编号,交接时间,交出方,接收方,交接人,备注
00102V1A,2026-09-14 08:20,中心现场,接收岗,李敏,冷藏箱送达，封条完好
00102V1A,2026-09-14 10:05,接收岗,前处理岗,王强,
00102V1A,2026-09-15 09:30,前处理岗,检测岗,张伟,离心分装后 2 管
00102V1A,2026-09-18 08:00,检测岗,样本库,陈静,检测完成，余量入库
00102V1B,2026-09-14 08:20,中心现场,接收岗,李敏,同一箱
00102V1B,2026-09-14 09:40,接收岗,前处理岗,王强,
00102V1B,2026-09-14 11:20,前处理岗,检测岗,张伟,
00102V1B,2026-09-17 10:00,检测岗,样本库,陈静,
00103V1A,2026-09-14 08:35,中心现场,接收岗,李敏,
00103V1A,2026-09-14 10:10,接收岗,前处理岗,王强,
00103V1A,2026-09-15 09:00,前处理岗,检测岗,张伟,排在批次后面
00103V1A,2026-09-19 09:30,检测岗,样本库,陈静,复测一次
00103V1B,2026-09-14 08:35,中心现场,接收岗,李敏,
00103V1B,2026-09-14 09:50,接收岗,前处理岗,王强,
00103V1B,2026-09-16 09:00,前处理岗,检测岗,张伟,离心机故障停了半天
00103V1B,2026-09-17 08:00,检测岗,样本库,陈静,
00104V1A,2026-09-15 08:10,中心现场,接收岗,李敏,量不足，等中心确认
00201V1A,2026-09-16 09:00,中心现场,接收岗,周琳,
00201V1A,2026-09-16 15:00,接收岗,前处理岗,吴磊,
00201V1A,2026-09-16 08:00,前处理岗,检测岗,孙鹏,时间按单子上的写法录
00201V1A,2026-09-18 10:00,检测岗,样本库,何娟,
00201V1B,2026-09-15 08:30,中心现场,接收岗,周琳,
00201V1B,2026-09-15 10:20,接收岗,前处理岗,吴磊,
00201V1B,2026-09-16 09:10,前处理岗,检测岗,孙鹏,
00201V1B,2026-09-18 11:00,检测岗,样本库,何娟,
00202V1A,2026-09-15 09:05,中心现场,接收岗,周琳,
00202V1A,2026-09-15 11:00,接收岗,前处理岗,吴磊,正单
00202V1A,2026-09-15 11:40,接收岗,前处理岗,吴磊,交接单补签，重复登记
00202V1A,2026-09-16 10:30,前处理岗,检测岗,孙鹏,
00202V1A,2026-09-18 15:00,检测岗,样本库,何娟,
00203V2A,2026-09-15 09:20,中心现场,接收岗,周琳,
00203V2A,,接收岗,前处理岗,吴磊,下班前交的，时间没补
00203V2A,2026-09-16 11:00,前处理岗,检测岗,孙鹏,
00203V2A,2026-09-19 09:00,检测岗,样本库,何娟,
00301V1A,2026-09-16 08:15,中心现场,接收岗,郑楠,
00301V1A,2026-09-16 09:30,接收岗,前处理岗,冯超,
00301V1A,2026-09-16 14:20,前处理岗,检测岗,黄斌,
00301V1A,2026-09-17 16:00,检测岗,样本库,郑楠,
00301V1B,2026-09-16 08:15,中心现场,接收岗,郑楠,
00301V1B,2026-09-16 15:00,接收岗,检测岗,黄斌,项目急，直接上机
00301V1B,2026-09-17 16:00,检测岗,样本库,郑楠,
102V1A,2026-09-14 08:20,中心现场,接收岗,李敏,现场手抄
102V1A,2026-09-14 10:05,接收岗,前处理岗,王强,现场手抄
,,,,,以上为 2026-09-14 至 2026-09-19 现场登记的交接记录，合计 43 条
