运单号,样本编号,受试者编号,中心编号,中心名称,访视点,样本类型,采样日期,接收日期,外观备注
T260915001,01001001-EDTA01,01001001,01001,上海中心,基线,全血EDTA,2026-09-15 05:30,2026-09-15 09:10,
T260915001,01001001-SER01,01001001,01001,上海中心,基线,血清,2026-09-15 05:30,2026-09-15 09:10,
T260915001,01001002-EDTA01,01001002,01001,上海中心,基线,全血EDTA,2026-09-15 05:40,2026-09-15 09:10,
T260915001,01001002-SER01,01001002,01001,上海中心,基线,血清,2026-09-15 05:40,2026-09-15 09:10,
T260915001,01001003-EDTA01,01001003,01001,上海中心,第1周期D1,全血EDTA,2026-09-15 06:00,2026-09-15 09:10,
T260915001,01001004-EDTA01,01001004,01001,上海中心,筛选期,全血EDTA,2026-09-13 10:20,2026-09-15 09:10,
T260915001,01001005-SER01,01001005,01001,上海中心,基线,血清,2026-09-15 05:50,2026-09-15 09:10,溶血
T260915001,01001006-EDTA01,01001006,01001,上海中心,第3周期D1,全血EDTA,2026-09-15 06:10,2026-09-15 09:10,
T260915001,01001007-CSF01,01001007,01001,上海中心,基线,脑脊液,2026-09-15 06:20,2026-09-15 09:10,
T260915002,01001008-SER01,01001008,01001,上海中心,基线,血清,2026-09-15 06:00,2026-09-15 09:20,
T260915002,01001008-SER02,01001008,01001,上海中心,第1周期D1,血清,2026-09-15 06:00,2026-09-15 09:20,
T260915002,01001009-SER01,01001009,01001,上海中心,基线,血清,2026-09-15 06:10,2026-09-15 09:20,
T260915002,01001009-SER02,01001009,01001,上海中心,第1周期D1,血清,2026-09-15 06:10,2026-09-15 09:20,
T260915002,01001010-SER01,01001010,01001,上海中心,基线,血清,2026-09-15 06:20,2026-09-15 09:20,
T260915002,01001010-SER02,01001010,01001,上海中心,第1周期D1,血清,2026-09-15 06:20,2026-09-15 09:20,
T260915003,01002001-EDTA01,01002001,01002,北京中心,基线,全血EDTA,2026-09-14 15:00,2026-09-15 09:30,
T260915003,01002002-EDTA01,01002002,01002,北京中心,基线,全血EDTA,2026-09-14 15:10,2026-09-15 09:30,
T260915003,01002002-EDTA02,01002002,01002,北京中心,第1周期D1,全血EDTA,2026-09-14 15:10,2026-09-15 09:30,
T260915003,01002003-EDTA01,01002003,01002,北京中心,筛选期,全血EDTA,2026-09-14 15:20,2026-09-15 09:30,
T260915003,01002003-EDTA02,01002003,01002,北京中心,基线,全血EDTA,2026-09-14 15:20,2026-09-15 09:30,
T260915004,01002004-SAL01,01002004,01002,北京中心,筛选期,唾液干冰,2026-09-14 16:00,2026-09-15 09:35,
T260915004,01002004-SAL02,01002004,01002,北京中心,基线,唾液干冰,2026-09-14 16:00,2026-09-15 09:35,
T260915004,01002005-SAL01,01002005,01002,北京中心,基线,唾液干冰,2026-09-14 16:10,2026-09-15 09:35,
T260915004,01002005-SAL02,01002005,01002,北京中心,末次访视,唾液干冰,2026-09-14 16:10,2026-09-15 09:35,
T260915006,01002006-URI01,01002006,01002,北京中心,基线,尿液,2026-09-14 16:30,2026-09-15 09:45,
T260915006,01002006-URI02,01002006,01002,北京中心,第1周期D1,尿液,2026-09-14 16:30,2026-09-15 09:45,
T260915006,01002007-URI01,01002007,01002,北京中心,基线,尿液,2026-09-14 16:40,2026-09-15 09:45,
T260915006,01002007-URI02,01002007,01002,北京中心,第1周期D1,尿液,2026-09-14 16:40,2026-09-15 09:45,
T260915006,01002008-URI01,01002008,01002,北京中心,筛选期,尿液,2026-09-14 17:00,2026-09-15 09:45,
T260915006,01002008-URI02,01002008,01002,北京中心,基线,尿液,2026-09-14 17:00,2026-09-15 09:45,
T260915005,01003001-SAL01,01003001,01003,广州中心,基线,唾液干冰,2026-09-14 16:00,2026-09-15 09:40,
T260915005,01003002-SAL01,01003002,01003,广州中心,基线,唾液干冰,2026-09-14 16:10,2026-09-15 09:40,
T260915005,01003002-SAL02,01003002,01003,广州中心,第1周期D1,唾液干冰,2026-09-14 16:10,2026-09-15 09:40,
T260915007,01003003-URI01,01003003,01003,广州中心,基线,尿液,2026-09-14 14:00,2026-09-15 09:50,
T260915007,01003004-URI01,01003004,01003,广州中心,基线,尿液,2026-09-14 14:10,2026-09-15 09:50,
T260915007,01003004-URI02,01003004,01003,广州中心,第1周期D1,尿液,2026-09-14 14:10,2026-09-15 09:50,
T260915007,01003005-URI01,01003005,01003,广州中心,筛选期,尿液,2026-09-14 14:30,2026-09-15 09:50,
T260915099,01002009-SER01,01002009,01002,北京中心,基线,血清,2026-09-14 15:00,2026-09-15 09:55,
T260915099,01002010-SER01,01002010,01002,北京中心,基线,血清,,2026-09-15 09:55,
T260915006,01002011-URI01,01002011,01002,北京中心,基线,尿液,2026-09-14 17:10,2026-09-15 09:45,量不足

合计,,,,,,,,,40
说明：由接收台扫码枪导出，未含运输温度,,,,,,,,,
