访视模板,访视编号,访视点,管型,每例管数,采血量mL,处理要求
标准,V1,筛选期,EDTA抗凝管,1,6.0,室温转运
标准,V1,筛选期,促凝管,1,5.0,室温转运
标准,V1,筛选期,尿杯,1,0,室温转运
标准,V2,基线,EDTA抗凝管,1,6.0,室温转运
标准,V2,基线,促凝管,2,5.0,2~8℃转运
标准,V2,基线,冻存管,2,1.8,离心后 -20℃ 冻存
标准,V2,基线,柠檬酸钠凝血管,1,3.2,室温转运
标准,V2,基线,血沉管,1,1.6,室温转运
标准,V3,随访D1,EDTA抗凝管,1,6.0,室温转运
标准,V3,随访D1,促凝管,1,5.0,2~8℃转运
减量,V1,筛选期,EDTA抗凝管,1,6.0,室温转运
减量,V1,筛选期,促凝管,1,5.0,室温转运
减量,V1,筛选期,尿杯,1,0,室温转运
减量,V2,基线,EDTA抗凝管,1,6.0,室温转运
减量,V2,基线,促凝管,1,5.0,2~8℃转运
减量,V3,随访D1,EDTA抗凝管,1,6.0,室温转运
减量,V3,随访D1,促凝管,1,5.0,2~8℃转运
标准,V2,基线,促凝管,1,5.0,2~8℃转运

合计,,,,18,,
说明：由方案规格文件导出，用量为每例用量，未含各中心例数,,,,,,
