申请日期,委托单号,客户名称,申请开票金额,发票抬头,纳税人识别号,PO号,备注
"2026-09-25","WT2026-0000715","上海鼎衡环境检测有限公司","15,900.00","上海鼎衡环境检测有限公司","91310115MA1H1234XA","",""
"2026-09-25","WT2026-0000717","江苏瑞和制药　股份有限公司","26,500.00","江苏瑞和制药　股份有限公司","91320100MA1R5678XB","PO-2026-0912",""
"2026-09-25","WT2026-0000718","江苏瑞和制药　股份有限公司","21,200.00","江苏瑞和制药　股份有限公司","91320100MA1R5678XB","PO-2026-0918",""
"2026-09-25","WT2026-0000723","广州美邦生物科技有限公司","4,028.00","广州美邦生物科技有限公司","91440101MA9W1234XC","",""
"2026-09-25","WT2026-0000724","上海鼎衡环境检测有限公司","21,200.00","上海鼎衡环境检测有限公司","91310115MA1H1234XA","","分两批开，这是第一批"
"2026-09-25","WT2026-0000716","江苏瑞和制药　股份有限公司","31,800.00","江苏瑞和制药　股份有限公司","91320100MA1R5678XB","PO-2026-0905",""
"2026-09-25","WT2026-0000721","深圳博测新材科技有限公司","4,520.00","深圳博测新材科技有限公司","91440300MA5G1234XD","","上张票作废了，重开"
"2026-09-25","WT2026-0000725","浙江嘉澳新材料有限公司","10,600.00","浙江嘉澳新材料有限公司","91330201MA2K5678XD","",""
"2026-09-25","WT2026-0000712","深圳博测新材科技有限公司","12,300.00","深圳博测新材科技有限公司","91440300MA5G1234XD","","报告说要下周才出"
"2026-09-25","WT2026-0000726","上海鼎衡环境检测有限公司","12,720.00","上海鼎衡环境检测有限公司","91310115MA1H1234XA","",""
"2026-09-25","WT2026-0000727","浙江嘉澳新材料有限公司","8,480.00","","","","抬头财务还没给"
"2026-09-25","WT2026-0000728","苏州云栖环保科技有限公司","5,300.00","苏州云栖环保科技有限公司","91320594MA1Y5678XE","","新客户"
"2026-09-25","WT2026-0000729","广州美邦生物科技有限公司","5,000.00","广州美邦生物科技有限公司","91440101MA9W1234XC","","客服按整数填的"
"2026-09-25","WT2026-0000730","江苏瑞和制药　股份有限公司","26,500.00","江苏瑞和制药　股份有限公司","","PO-2026-0923",""
"2026-09-25","WT2026-0000731","江苏瑞和制药　股份有限公司","21,200.00","江苏瑞和制药　股份有限公司","91320100MA1R5678XB","","客户说要 PO，PO 还没给"
"2026-09-25","WT2026-0000733","深圳博测新材科技有限公司","3,390.00","深圳博测新材科技有限公司","91440300MA5G1234XD","",""
"","","","","","","","以上为 9 月 25 日收到的开票申请，之前的见上月台账"
