委托单号,客户名称,报告编号,报告完成日期,不含税金额,合同号,合同额
"WT2026-0000713","上海鼎衡环境检测有限公司","BG2026-1001","2026-09-02","12,000.00","HT2026-A01","60,000.00"
"WT2026-0000714","上海鼎衡环境检测有限公司","BG2026-1002","2026-09-03","8,000.00","HT2026-A01","60,000.00"
"WT2026-0000715","上海鼎衡环境检测有限公司","BG2026-1003","2026-09-08","15,000.00","HT2026-A01","60,000.00"
"WT2026-0000716","江苏瑞和制药　股份有限公司","BG2026-1004","2026-09-05","30,000.00","HT2026-B02","120,000.00"
"WT2026-0000717","江苏瑞和制药　股份有限公司","BG2026-1005","2026-09-09","25,000.00","HT2026-B02","120,000.00"
"WT2026-0000718","江苏瑞和制药　股份有限公司","BG2026-1006","2026-09-12","20,000.00","HT2026-B02","120,000.00"
"WT2026-0000719","浙江嘉澳新材料有限公司","BG2026-1007","2026-09-06","6,500.00","HT2026-C03","20,000.00"
"WT2026-0000720","浙江嘉澳新材料有限公司","BG2026-1008","2026-09-10","9,000.00","HT2026-C03","20,000.00"
"WT2026-0000721","深圳博测新材科技有限公司","BG2026-1009","2026-09-11","4,000.00","HT2026-D04","12,000.00"
"WT2026-0000722","广州美邦生物科技有限公司","BG2026-1010","2026-09-14","5,200.00","HT2026-E05","20,000.00"
"WT2026-0000723","广州美邦生物科技有限公司","BG2026-1011","2026-09-15","3,800.00","HT2026-E05","20,000.00"
"WT2026-0000724","上海鼎衡环境检测有限公司","BG2026-1012","2026-09-16","20,000.00","HT2026-A01","60,000.00"
"WT2026-0000725","浙江嘉澳新材料有限公司","BG2026-1013","2026-09-18","10,000.00","HT2026-C03","20,000.00"
"WT2026-0000726","上海鼎衡环境检测有限公司","BG2026-1014","2026-09-19","12,000.00","HT2026-A01","60,000.00"
"WT2026-0000727","浙江嘉澳新材料有限公司","BG2026-1015","2026-09-20","8,000.00","HT2026-C03","20,000.00"
"WT2026-0000728","苏州云栖环保科技有限公司","BG2026-1016","2026-09-21","5,000.00","HT2026-F06","30,000.00"
"WT2026-0000729","广州美邦生物科技有限公司","BG2026-1017","2026-09-22","4,500.00","HT2026-E05","20,000.00"
"WT2026-0000730","江苏瑞和制药　股份有限公司","BG2026-1018","2026-09-23","25,000.00","HT2026-B02","120,000.00"
"WT2026-0000731","江苏瑞和制药　股份有限公司","BG2026-1019","2026-09-24","20,000.00","HT2026-B02","120,000.00"
"WT2026-0000733","深圳博测新材科技有限公司","BG2026-1020","2026-09-25","3,000.00","HT2026-D04","12,000.00"
"","","","","","","以上为 9 月已完成报告，金额为不含税，含耗材的客户税率不同，见开票规则表"
