日期,是否工作日,说明
2026-09-01,是,
2026-09-02,是,
2026-09-03,是,
2026-09-04,是,
2026-09-05,否,周末
2026-09-06,否,周末
2026-09-07,是,
2026-09-08,是,
2026-09-09,是,
2026-09-10,是,
2026-09-11,是,
2026-09-12,否,周末
2026-09-13,否,周末
2026-09-14,是,
2026-09-15,是,
2026-09-16,是,
2026-09-17,是,
2026-09-18,是,
2026-09-19,否,周末
2026-09-20,否,周末
2026-09-21,是,
2026-09-22,是,
2026-09-23,是,
2026-09-24,是,
2026-09-25,是,
2026-09-26,是,调休上班
2026-09-27,否,周末
2026-09-28,是,
2026-09-29,是,
2026-09-30,是,
2026-10-01,否,国庆假期
2026-10-02,否,国庆假期
2026-10-03,否,国庆假期
2026-10-04,否,国庆假期
2026-10-05,否,国庆假期
2026-10-06,否,国庆假期
2026-10-07,否,国庆假期
2026-10-08,是,
2026-10-09,是,
2026-10-10,是,调休上班
2026-10-11,否,周末
2026-10-12,是,
2026-10-13,是,
2026-10-14,是,
2026-10-15,是,
2026-10-16,是,
2026-10-17,否,周末
2026-10-18,否,周末
2026-10-19,是,
2026-10-20,是,
2026-10-21,是,
2026-10-22,是,
2026-10-23,是,
2026-10-24,否,周末
2026-10-25,否,周末
2026-10-26,是,
2026-10-27,是,
2026-10-28,是,
2026-10-29,是,
2026-10-30,是,
2026-10-31,否,周末
,,说明：本表由 build_fixtures.py 生成，口径为国务院节假日安排
