委托单号,客户名称,样品编号,检测项目,是否分包,收样日期
WT2026-0000121,华泰环境,0000201,化学需氧量,否,2026-09-24
WT2026-0000121,华泰环境,0000201,pH,否,2026-09-24
WT2026-0000122,同安建材,0000202,抗压强度,否,2026-09-28
WT2026-0000123,恒基食品,0000203,菌落总数,否,2026-09-23
WT2026-0000124,华泰环境　,0000204,六价铬,否,2026-09-29
WT2026-0000125,金鼎材料,0000205,挥发性有机物,是,2026-09-24
WT2026-0000126,信远电子,0000206,铅含量,否,2026-09-25
WT2026-0000127,同安建材,0000207,抗压强度,否,
WT2026-0000128,恒基食品,0000208,菌落总数,否,2026-09-18
WT2026-0000129,金鼎材料,0000209,硬度,否,2026-09-21
WT2026-0000130,同安建材,0000210,挥发酚,否,2026-09-28
WT2026-0000131,信远电子,0000211,抗压强度,否,2026-09-25
