委托单号,环节,完成时间
WT2026-0000121,收样登记,2026-09-24 09:10
WT2026-0000121,样品前处理,2026-09-25 14:00
WT2026-0000121,上机检测,2026-09-26 11:20
WT2026-0000121,数据审核,2026-09-28 16:40
WT2026-0000122,收样登记,2026-09-28 10:05
WT2026-0000122,样品前处理,2026-09-29 15:30
WT2026-0000123,收样登记,2026-09-23 09:40
WT2026-0000123,样品前处理,2026-09-24 13:10
WT2026-0000123,上机检测,2026-09-25 17:00
WT2026-0000124,收样登记,2026-09-29 11:00
WT2026-0000125,收样登记,2026-09-24 09:30
WT2026-0000125,样品前处理,2026-09-25 10:20
WT2026-0000126,收样登记,2026-09-25 15:00
WT2026-0000128,收样登记,2026-09-18 09:00
WT2026-0000128,样品前处理,2026-09-21 10:30
WT2026-0000128,上机检测,2026-09-22 16:10
WT2026-0000128,数据审核,2026-09-24 11:40
WT2026-0000128,报告编制,2026-09-25 15:20
WT2026-0000128,报告审核,2026-09-28 10:00
WT2026-0000128,报告发出,2026-09-29 14:30
WT2026-0000130,收样登记,2026-09-28 09:15
WT2026-0000130,样品前处理,2026-09-29 14:30
WT2026-0000131,收样登记,2026-09-25 10:00
WT2026-0000131,样品前处理,2026-09-29 15:00
WT2026-0000131,上机检测,2026-09-28 17:30
,说明：环节按 收样登记→样品前处理→上机检测→数据审核→报告编制→报告审核→报告发出 的顺序记完成时间,
