运单号,箱号,样本编号,样本类型,采集中心
0000712,1,0000712-001,血清,上海
0000712,2,0000712-002,血浆,上海
0000712,1,0000712-003,全血,上海
0000712,2,0000712-004,尿液,上海
0000712,1,0000712-005,血清,上海
0000712,2,0000712-006,血浆,上海
0000712,1,0000712-007,全血,上海
0000712,2,0000712-008,尿液,上海
0000712,1,0000712-009,血清,上海
0000712,2,0000712-010,血浆,上海
0000712,1,0000712-011,全血,上海
0000712,2,0000712-012,尿液,上海
0000713,1,0000713-001,血清,北京
0000713,1,0000713-002,血浆,北京
0000713,1,0000713-003,全血,北京
0000713,1,0000713-004,尿液,北京
0000713,1,0000713-005,血清,北京
0000713,1,0000713-006,血浆,北京
0000713,1,0000713-007,全血,北京
0000713,1,0000713-008,尿液,北京
0000714,1,0000714-001,,北京
0000714,1,0000714-002,,北京
0000714,1,0000714-003,全血,北京
0000714,1,0000714-004,尿液,北京
0000714,1,0000714-005,血清,北京
0000714,1,0000714-006,血浆,北京
0000714,1,0000714-007,全血,北京
0000714,1,0000714-008,尿液,北京
0000714,1,0000714-009,血清,北京
0000715,1,0000715-001,血清,上海
0000715,2,0000715-002,血浆,上海
0000715,3,0000715-003,全血,上海
0000715,1,0000715-004,尿液,上海
0000715,2,0000715-005,血清,上海
0000715,3,0000715-006,血浆,上海
0000715,1,0000715-007,全血,上海
0000715,2,0000715-008,尿液,上海
0000715,3,0000715-009,血清,上海
0000715,1,0000715-010,血浆,上海
0000715,2,0000715-011,全血,上海
0000715,3,0000715-012,尿液,上海
0000715,1,0000715-013,血清,上海
0000715,2,0000715-014,血浆,上海
0000715,3,0000715-015,全血,上海
0000715,1,0000715-016,尿液,上海
0000715,2,0000715-017,血清,上海
0000715,3,0000715-018,血浆,上海
0000715,1,0000715-019,全血,上海
0000715,2,0000715-020,尿液,上海
0000715,3,0000715-021,血清,上海
0000715,1,0000715-022,血浆,上海
0000715,2,0000715-023,全血,上海
0000715,3,0000715-024,尿液,上海
0000715,1,0000715-025,血清,上海
0000715,2,0000715-026,血浆,上海
0000715,3,0000715-027,全血,上海
0000715,1,0000715-028,尿液,上海
0000715,2,0000715-029,血清,上海
0000715,3,0000715-030,血浆,上海
0000715,1,0000715-031,全血,上海
0000715,2,0000715-032,尿液,上海
0000715,3,0000715-033,血清,上海
0000715,1,0000715-034,血浆,上海
0000715,2,0000715-035,全血,上海
0000715,3,0000715-036,尿液,上海
0000715,1,0000715-037,血清,上海
0000715,2,0000715-038,血浆,上海
0000715,3,0000715-039,全血,上海
0000715,1,0000715-040,尿液,上海
0000715,2,0000715-041,血清,上海
0000715,3,0000715-042,血浆,上海
0000715,1,0000715-043,全血,上海
0000715,2,0000715-044,尿液,上海
0000715,3,0000715-045,血清,上海
0000715,1,0000715-046,血浆,上海
0000715,2,0000715-047,全血,上海
0000715,3,0000715-048,尿液,上海
0000715,1,0000715-049,血清,上海
0000715,2,0000715-050,血浆,上海
0000715,3,0000715-051,全血,上海
0000715,1,0000715-052,尿液,上海
0000715,2,0000715-053,血清,上海
0000715,3,0000715-054,血浆,上海
0000715,1,0000715-055,全血,上海
0000715,2,0000715-056,尿液,上海
0000715,3,0000715-057,血清,上海
0000715,1,0000715-058,血浆,上海
0000715,2,0000715-059,全血,上海
0000715,3,0000715-060,尿液,上海
0000716,1,0000716-001,血清,北京
0000719,1,0000719-001,血清,上海
0000719,1,0000719-002,血浆,上海
0000719,1,0000719-003,全血,上海
0000719,1,0000719-004,尿液,上海
0000719,1,0000719-005,血清,上海
0000719,1,0000719-006,血浆,上海
0000720,1,0000720-001,血清,北京
0000720,2,0000720-002,血浆,北京
0000720,1,0000720-003,全血,北京
0000720,2,0000720-004,尿液,北京
0000720,1,0000720-005,血清,北京
0000720,2,0000720-006,血浆,北京
0000720,1,0000720-007,全血,北京
0000720,2,0000720-008,尿液,北京
0000720,1,0000720-009,血清,北京
0000720,2,0000720-010,血浆,北京
0000720,1,0000720-011,全血,北京
0000720,2,0000720-012,尿液,北京
0000720,1,0000720-013,血清,北京
0000720,2,0000720-014,血浆,北京
0000720,1,0000720-015,全血,北京
0000720,2,0000720-016,尿液,北京
,,,合计 112 管,
