受理日期,委托单号,客户名称,客户样品编号,样品名称,样品类别,数量,存放位置,备注
2026-09-26,WT26092601,上海启海食品有限公司,0000713,瓶装饮用水,饮用水,1,常温库A区,
2026-09-26,WT26092601,上海启海食品有限公司,0000714,桶装饮用水,饮用水,3,常温库A区,加大桶
2026-09-26,WT26092602,浙江宏远纺织有限公司　,HY-2026-0088,棉麻混纺面料,纺织品,2,样品间B架,
2026-09-26,WT26092603,江苏金鼎建材有限公司,JD-0912,铝合金型材,建材,1,样品间C架,
2026-09-26,WT26092604,苏州明达环境科技有限公司,MD-A-771,厂界废水,废水,2,冷藏柜1,需 4℃ 保存
2026-09-26,WT26092605,上海启海食品有限公司,0000715,瓶装饮用水,饮用水,2,常温库A区,下午补送
待定,WT26092606,江苏金鼎建材有限公司,JD-0913,水泥试块,建材,1,样品间C架,送样单日期未填
2026-09-26,WT26092607,,WX-001,生活污水,废水,1,冷藏柜1,客户名称未填
2026-09-26,WT26092608,无锡华信水务有限公司,WX-2026-11,自来水,饮用水,1,常温库A区,新客户未建代码
2026-09-26,WT26092609,苏州明达环境科技有限公司,MD-A-772,厂界噪声样品,其他,1,样品间D架,类别写其他
2026-09-26,WT26092610,浙江宏远纺织有限公司,HY-2026-0090,,纺织品,1,样品间B架,样品名称空
2026-09-26,WT26092611,江苏金鼎建材有限公司,JD-0914,防水卷材,建材,2 支,样品间C架,数量带单位
2026-09-26,WT26092612,苏州明达环境科技有限公司,MD-A-773,土壤浸出液,土壤,1,样品间D架,
2026-09-26,WT26092612,苏州明达环境科技有限公司,MD-A-773,土壤浸出液,土壤,1,样品间D架,同单重复样号
2026-09-26,WT26092613,苏州明达环境科技有限公司,MD-A-775,土壤浸出液,土壤,1,样品间D架,另一份土壤样
2026-09-26,WT26092614,上海启海食品有限公司,0000716,饮用水,饮用水,120,常温库A区,大批量委托
,,合计,126,,,,,,
,,本表由收样室导出，数量一列按客户送样单原样记录，与本表不符时以送样单为准。,,,,,,,
