受试者编号,访视点,采样日期,检项,结果,单位,参考下限,参考上限
00101,SC,2026-08-20,血常规,6.20,10^9/L,3.5,9.5
00101,SC,2026-08-20,生化全套,26,U/L,0,40
00101,SC,2026-08-20,尿常规,未见异常,,,
00101,SC,2026-08-20,凝血四项,12.6,s,11,14.5
00101,SC,2026-08-20,HIV 筛查,阴性,,,
00101,SC,2026-08-20,乙肝五项,阴性,,,
00101,V1,2026-09-03,血常规,6.20,10^9/L,3.5,9.5
00101,V1,2026-09-03,生化全套,26,U/L,0,40
00101,V1,2026-09-03,尿常规,未见异常,,,
00101,V1,2026-09-03,凝血四项,12.6,s,11,14.5
00101,V1,2026-09-03,PK 采血,18.4,ng/mL,,50
00101,V2,2026-09-16,血常规,6.20,10^9/L,3.5,9.5
00101,V2,2026-09-16,生化全套,26,U/L,0,40
00101,V2,2026-09-16,尿常规,未见异常,,,
00101,V2,2026-09-16,PK 采血,18.4,ng/mL,,50
00102,SC,2026-08-19,血常规,6.20,10^9/L,3.5,9.5
00102,SC,2026-08-19,生化全套,26,U/L,0,40
00102,SC,2026-08-19,尿常规,未见异常,,,
00102,SC,2026-08-19,凝血四项,12.6,s,11,14.5
00102,SC,2026-08-19,HIV 筛查,阴性,,,
00102,SC,2026-08-19,乙肝五项,阴性,,,
00102,V1,2026-09-04,血常规,6.20,10^9/L,3.5,9.5
00102,V1,2026-09-04,生化全套,26,U/L,0,40
00102,V1,2026-09-04,尿常规,未见异常,,,
00102,V1,2026-09-04,凝血四项,12.6,s,11,14.5
00102,V1,2026-09-04,PK 采血,18.4,ng/mL,,50
00102,V2,2026-09-24,血常规,6.20,10^9/L,3.5,9.5
00102,V2,2026-09-24,生化全套,26,U/L,0,40
00102,V2,2026-09-24,尿常规,未见异常,,,
00102,V2,2026-09-24,PK 采血,18.4,ng/mL,,50
00103,SC,2026-08-22,血常规,6.20,10^9/L,3.5,9.5
00103,SC,2026-08-22,生化全套,26,U/L,0,40
00103,SC,2026-08-22,尿常规,未见异常,,,
00103,SC,2026-08-22,凝血四项,12.6,s,11,14.5
00103,SC,2026-08-22,HIV 筛查,阴性,,,
00103,SC,2026-08-22,乙肝五项,阴性,,,
00103,V1,2026-09-05,血常规,6.20,10^9/L,3.5,9.5
00103,V1,2026-09-05,生化全套,26,U/L,0,40
00103,V1,2026-09-05,PK 采血,18.4,ng/mL,,50
00201,SC,2026-08-25,血常规,6.20,10^9/L,3.5,9.5
00201,SC,2026-08-25,生化全套,26,U/L,0,40
00201,SC,2026-08-25,尿常规,,,,
00201,SC,2026-08-25,凝血四项,12.6,s,11,14.5
00201,SC,2026-08-25,HIV 筛查,阴性,,,
00201,SC,2026-08-25,乙肝五项,阴性,,,
00201,V1,2026-09-08,血常规,6.20,10^9/L,3.5,9.5
00201,V1,2026-09-08,生化全套,26,U/L,0,40
00201,V1,2026-09-08,尿常规,未见异常,,,
00201,V1,2026-09-08,凝血四项,12.6,s,11,14.5
00201,V1,2026-09-08,PK 采血,18.4,ng/mL,,50
00201,V2,2026-09-22,血常规,6.20,10^9/L,3.5,9.5
00201,V2,2026-09-22,生化全套,26,U/L,0,40
00201,V2,2026-09-22,尿常规,未见异常,,,
00201,V2,2026-09-22,PK 采血,18.4,ng/mL,,50
00202,SC,2026-08-26,血常规,6.20,10^9/L,3.5,9.5
00202,SC,2026-08-26,生化全套,26,U/L,0,40
00202,SC,2026-08-26,尿常规,未见异常,,,
00202,SC,2026-08-26,凝血四项,12.6,s,11,14.5
00202,SC,2026-08-26,HIV 筛查,阴性,,,
00202,SC,2026-08-26,乙肝五项,阴性,,,
00202,V1,2026-09-09,血常规,6.20,10^9/L,3.5,9.5
00202,V1,2026-09-09,生化全套,26,U/L,0,40
00202,V1,2026-09-09,尿常规,未见异常,,,
00202,V1,2026-09-09,凝血四项,12.6,s,11,14.5
00202,V1,2026-09-09,PK 采血,18.4,ng/mL,,50
00202,V2,2026-09-23,血常规,6.20,10^9/L,3.5,9.5
00202,V2,2026-09-23,生化全套,52,U/L,0,40
00202,V2,2026-09-23,尿常规,未见异常,,,
00202,V2,2026-09-23,PK 采血,18.4,ng/mL,,50
00202,V2,2026-09-23,心肌酶,88,U/L,0,24
00301,SC,2026-08-28,血常规,6.20,10^9/L,3.5,9.5
00301,SC,2026-08-28,生化全套,26,U/L,0,40
00301,SC,2026-08-28,尿常规,未见异常,,,
00301,SC,2026-08-28,凝血四项,12.6,s,11,14.5
00301,SC,2026-08-28,HIV 筛查,阴性,,,
00301,SC,2026-08-28,乙肝五项,阴性,,,
00301,V1,2026-09-15,血常规,6.20,10^9/L,3.5,9.5
00301,V1,2026-09-15,生化全套,26,U/L,0,40
00301,V1,2026-09-15,尿常规,未见异常,,,
00301,V1,2026-09-15,凝血四项,12.6,s,11,14.5
00301,V1,2026-09-15,PK 采血,18.4,ng/mL,,50
00201,V1,2026-09-08,PK 采血,21.7,ng/mL,,50
2202,V1,2026-09-09,血常规,6.05,10^9/L,3.5,9.5
,,,合计,83,,,
,,,说明：结果为空表示本次未出结果，不是正常,,,,
