中心编号,中心名称,受试者编号,访视点,计划日期,窗前天,窗后天
S01,北京中心,00101,SC,2026-08-20,0,14
S01,北京中心,00101,V1,2026-09-03,0,3
S01,北京中心,00101,V2,2026-09-17,3,3
S01,北京中心,00101,V3,2026-10-01,3,3
S01,北京中心,00101,V4,2026-10-29,7,7
S01,北京中心,00102,SC,2026-08-21,0,14
S01,北京中心,00102,V1,2026-09-04,0,3
S01,北京中心,00102,V2,2026-09-18,3,3
S01,北京中心,00103,SC,2026-08-22,0,14
S01,北京中心,00103,V1,2026-09-05,0,3
S01,北京中心,00103,V2,2026-09-12,3,3
S02,上海中心,00201,SC,2026-08-25,0,14
S02,上海中心,00201,V1,2026-09-08,0,3
S02,上海中心,00201,V2,2026-09-22,3,3
S02,上海中心,00202,SC,2026-08-26,0,14
S02,上海中心,00202,V1,2026-09-09,0,3
S02,上海中心,00202,V2,2026-09-23,3,3
S03,广州中心,00301,SC,2026-08-28,0,14
S03,广州中心,00301,V1,2026-09-11,0,3
S03,广州中心,00301,EOS,2026-10-30,7,7
,说明：本表一行一个 受试者 x 访视点；计划日期只是排期用的，超窗要跟窗口两头比,,,,,
