样品编号,受检单位,检测项目,称样量(g),定容体积(mL),稀释倍数,仪器读数(mg/L),限值(mg/kg)
QC-0001234,上海丰味　食品有限公司,铅,0.5120,50,1,0.048,0.5
QC-0001234,上海丰味食品有限公司,镉,0.5120,50,1,0.012,0.1
QC-0001238,上海丰味食品有限公司,铅,0.5000,50,1,,0.5
QC-0001235,上海丰味食品有限公司,铅,0.5098,50,2,6.10,0.5
QC-0001236,上海丰味食品有限公司,铅,0.5010,100,1,0.210,0.5
QC-0001239,上海丰味食品有限公司,铅,,50,1,0.150,0.5
QC-0001237,上海丰味食品有限公司,铅,0.5150,50,1,0.330,0.5
QC-0001243,上海丰味食品有限公司,铅,0.5000,50,1,5.000,0.5
QC-0001241,苏州清源饮料有限公司,铅,0.5080,50,1,0.088,0.5
QC-0001240,苏州清源饮料有限公司,铅,0.5050,50,1,<0.01,0.5
QC-0001241,苏州清源饮料有限公司,镉,0.5080,50,1,0.150,0.1
QC-0001244,上海丰味食品有限公司,铅,0.5080,50,1,0.102,0.5
QC-0001242,上海丰味食品有限公司,铅,0.5100,50,,0.400,0.5
,本表由仪器软件导出，未检出结果以检出限形式给出，未做检出限换算。,,,,,,
