SampleID,SampleName,BatchNo,TestDate,检验项目,标准规定,检验结果,单项结论
S-2026-0001,注射用头孢曲松钠,B260901,2026-09-09,性状,白色或类白色结晶性粉末,,符合规定
S-2026-0001,注射用头孢曲松钠,B260901,2026-09-09,含量,90.0%~110.0%,99.512,符合规定
S-2026-0001,注射用头孢曲松钠,B260901,2026-09-09,干燥失重,≤0.5%,0.050,符合规定
S-2026-0002,阿托伐他汀钙片,B260812,2026-09-09,性状,薄膜衣片，除去包衣后显白色,,符合规定
S-2026-0002,阿托伐他汀钙片,B260812,2026-09-09,鉴别（HPLC）,供试品主峰保留时间应与对照品一致,,符合规定
S-2026-0002,阿托伐他汀钙片,B260812,2026-09-09,含量均匀度,应符合规定,,符合规定
S-2026-0002,阿托伐他汀钙片,B260812,2026-09-09,溶出度,限度为标示量的 80%,95.400,符合规定
S-2026-0002,阿托伐他汀钙片,B260812,2026-09-09,有关物质-单个杂质,≤0.5%,0.185,符合规定
S-2026-0002,阿托伐他汀钙片,B260812,2026-09-09,有关物质-总杂质,≤2.0%,0.720,符合规定
S-2026-0002,阿托伐他汀钙片,B260812,2026-09-09,含量测定,95.0%~105.0%,100.230,符合规定
S-2026-0002,阿托伐他汀钙片,B260812,2026-09-09,干燥失重,≤0.5%,0.310,符合规定
S-2026-0002,阿托伐他汀钙片,B260812,2026-09-09,重金属,≤20ppm,,符合规定
S-2026-0002,阿托伐他汀钙片,B260812,2026-09-09,微生物限度,应符合规定,,符合规定
S-2026-0002,阿托伐他汀钙片,B260812,2026-09-09,装量差异,应符合规定,,符合规定
S-2026-0003,氯化钠注射液,0260903,2026-09-09,含量,0.85%~0.95%(g/ml),0.900,符合规定
