报告编号,中心编号,中心名称,受试者编号,访视点,访视编号,样本接收日,报告日期,报告文件
RPT-0001,S01,北京中心,01001,V1,访视1,2026-08-03,2026-08-07,RPT-0001.txt
RPT-0002,S01,北京中心,01001,V2,访视2,2026-08-24,2026-08-28,RPT-0002.txt
RPT-0003,S01,北京中心,01002,V1,访视1,2026-08-03,2026-08-07,RPT-0003.txt
RPT-0004,S01,北京中心,01003,V1,访视1,2026-08-05,2026-08-12,RPT-0004.txt
RPT-0005,S01,北京中心,01003,V2,访视2,2026-08-26,2026-08-31,RPT-0005.txt
RPT-0006,S01,北京中心,1004,V1,访视1,2026-08-06,2026-08-10,RPT-0006.txt
RPT-0007,S01,北京中心,01002,V1,访视1,2026-08-20,2026-08-25,RPT-0007.txt
RPT-0008,S02,上海中心,02001,V1,访视1,2026-08-10,2026-08-12,RPT-0008.txt
RPT-0009,S02,上海中心,02002,V1,访视1,2026-08-10,2026-08-13,RPT-0009.txt
RPT-0010,S02,上海中心,02003,V1,访视1,2026-08-11,2026-08-16,RPT-0010.txt
RPT-0011,S02,上海中心,0204/2,V1,访视1,2026-08-12,2026-08-14,RPT-0011.txt
RPT-0012,S02,上海中心,02005,V1,访视1,2026-08-12,2026-08-12,RPT-0012.txt
RPT-0013,S02,上海中心,02006,V1,访视1,2026-08-15,2026-08-13,RPT-0013.txt
RPT-0014,S03,广州中心,03001,V1,访视1,2026-08-14,2026-08-18,RPT-0014.txt
RPT-0015,S03,广州中心,03001,V2,访视2,2026-09-02,2026-09-07,RPT-0015.txt
RPT-0016,S03,广州中心,03002,V1,访视1,2026-08-14,2026-08-18,RPT-0016.txt
RPT-0017,S03,广州中心,03003,V1,访视1,2026-08-17,2026-08-21,RPT-0017.txt
RPT-0018,S03,广州中心,03003,V2,访视2,2026-09-03,2026-09-09,RPT-0018.txt
RPT-0019,S04,成都中心,04001,V1,访视1,2026-08-18,2026-08-24,RPT-0019.txt
RPT-0020,S04,成都中心,04002,V1,访视1,2026-08-19,2026-08-25,RPT-0020.txt
RPT-0021,S04,成都中心,04003,V1,访视1,2026-08-19,,RPT-0021.txt
RPT-0022,S05,武汉中心,05001,V1,访视1,2026-08-20,2026-08-25,RPT-0022.txt
RPT-0023,S05,武汉中心,05002,V1,访视1,2026-08-20,2026-08-24,RPT-0023.txt
RPT-0024,S06,西安中心,06001,V1,访视1,2026-08-21,2026-08-25,RPT-0024.txt
,,,,,,,,
,,合计 24 份,,,,,,
,,说明：报告日期为空的表示报告还没出，先挂着,,,,,,
