询价日期,客户名称,客户样品编号,样品名称,检测项目,检测方法,数量
2026-09-24,浙江宏远纺织有限公司,0000713,全棉染色布,甲醛含量,分光光度法,3
2026-09-24,浙江宏远纺织有限公司,0000713,全棉染色布,pH值,pH计,3
2026-09-24,浙江宏远纺织有限公司　,0000714,涤纶针织布,耐摩擦色牢度,摩擦色牢度仪,2
2026-09-24,浙江宏远纺织有限公司,0000715,涤棉混纺布,玻璃化转变温度,DSC,1
2026-09-24,浙江宏远纺织有限公司,0000716,家纺面料,断裂伸长率,万能试验机,1
2026-09-24,浙江宏远纺织有限公司,0000717,装饰面料,铅（Pb）含量测定,,1
2026-09-24,苏州新亚电子材料有限公司,XYA-001,覆铜板,剥离强度,剥离试验机,2
2026-09-24,苏州新亚电子材料有限公司,XYA-002,环氧树脂,玻璃化转变温度,DSC,1
2026-09-24,苏州新亚电子材料有限公司,XYA-003,铜箔,抗拉强度,万能试验机,2
2026-09-24,苏州新亚电子材料有限公司,XYA-003,铜箔,断裂伸长率,万能试验机,2
2026-09-24,上海启海化工有限公司,W-0924-A,废水水样 A,pH值,pH计,3
2026-09-24,上海启海化工有限公司,W-0924-A,废水水样 A,总磷,分光光度法,3
2026-09-24,上海启海化工有限公司,W-0924-B,废水水样 B,重金属铅,ICP-OES,3
2026-09-24,上海启海化工有限公司,W-0924-C,废水水样 C,镉含量,ICP-OES,3
2026-09-24,上海启海化工有限公司,W-0924-D,废水水样 D,铅含量,XRF 荧光光谱,3
2026-09-24,上海启海化工有限公司,W-0924-E,废水水样 E,pH值,pH计,1
2026-09-24,上海启海化工有限公司,W-0924-F,废水水样 F,总磷,分光光度法,1
2026-09-24,上海启海化工有限公司,W-0924-G,废水水样 G,镉含量,ICP-OES,1
2026-09-24,上海启海化工有限公司,W-0924-H,废水水样 H,铅含量,ICP-OES,1
2026-09-24,上海启海化工有限公司,W-0924-I,废水水样 I,pH值,pH计,2
2026-09-24,宁波航海紧固件有限公司,HB-0924-1,螺栓 M12,多环芳烃 PAHs,GC-MS,1
2026-09-24,宁波航海紧固件有限公司,HB-0924-2,螺母 M10,抗拉强度,万能试验机,2 件
2026-09-24,宁波航海紧固件有限公司,HB-0924-3,垫圈,铅含量,液相色谱法,1
2026-09-24,,HT-0924-1,铝合金型材,化学成分,光谱法,1
2026-09-24,,HT-0924-2,铝合金型材,抗拉强度,万能试验机,1
2026-09-24,杭州锦泰包装有限公司,JT-0924-1,瓦楞纸箱,抗拉强度,万能试验机,1
2026-09-24,杭州锦泰包装有限公司,JT-0924-1,瓦楞纸箱,抗拉强度,万能试验机,1
,说明：本表是客户询价原件，一行一个（样品 × 检测项目）；客户没写检测方法、或者数量写的不是整数，一律不改口径，挂起后回去确认。,,,,,
