样本编号,中心编号,研究方案,检项类别,采集时间,接收完成时间,报告发出时间,TAT时限(小时),起算口径,计时方式
0000123,SITE-01,SSD-2026-01,常规生化,2026-09-21 06:20,2026-09-21 09:00,,24,接收,自然日
0000124,SITE-01,SSD-2026-01,常规生化,2026-09-21 06:40,2026-09-21 08:00,,24,接收,自然日
0000125,SITE-02,SSD-2026-01,常规生化,2026-09-22 06:00,2026-09-22 08:30,,24,接收,自然日
0000126,SITE-02,SSD-2026-01,常规生化,2026-09-21 20:00:00,2026-09-21 22:00:00,,24,接收,自然日
0000127,SITE-03,SSD-2026-01,常规生化,2026-09-21 07:00,2026-09-21 08:40,,24,接收,自然日
0000128,SITE-03,SSD-2026-01,常规生化,2026-09-21 09:00,2026-09-21 09:30,2026-09-22 08:20,24,接收,自然日
0000129,SITE-01,SSD-2026-01,常规生化,2026-09-22 07:00,2026-09-22 07:40,,24,接收,自然日
0000130,SITE-04,SSD-2026-03,常规生化,2026-09-18 09:20,2026-09-18 09:30,,24,接收,工作日
0000131,SITE-04,SSD-2026-03,血常规,2026-09-19 09:40,2026-09-19 10:00,,8,接收,工作日
0000132,SITE-05,SSD-2026-07,特殊项目,2026-09-18 07:00,2026-09-18 08:00,,72,采集,工作日
0000133,SITE-05,SSD-2026-03,常规生化,2026-09-21 07:30,2026-09-21 08:00,,24,接收,工作日
0000134,SITE-06,SSD-2026-03,血常规,2026-09-21 08:50,2026-09-21 09:00,,8,接收,工作日
0000140,SITE-06,SSD-2026-07,加急生化,2026-09-22 08:00,2026-09-22 08:20,,4,接收,自然日
0000141,SITE-06,SSD-2026-07,加急生化,2026-09-22 09:30,2026-09-22 09:45,,4,接收,自然日
0000142,SITE-01,SSD-2026-07,加急生化,2026-09-22 05:30,2026-09-22 06:00,,4,接收,自然日
0000143,SITE-02,SSD-2026-07,加急生化,2026-09-22 06:00,2026-09-22 06:10,2026-09-22 09:55,4,接收,自然日
0000144,SITE-03,SSD-2026-07,加急生化,2026-09-22 05:00,2026-09-22 05:30,2026-09-22 09:50,4,接收,自然日
0000150,SITE-01,SSD-2026-03,血常规,2026-09-22 07:00,2026-09-22 07:40,,8,采集,自然日
0000151,SITE-02,SSD-2026-03,血常规,2026-09-22 06:40,2026-09-22 07:10,,8,接收,自然日
0000152,SITE-04,SSD-2026-03,血常规,2026-09-21 21:00,2026-09-21 21:40,,8,接收,自然日
0000160,SITE-01,SSD-2026-01,常规生化,2026-09-20 07:00,2026-09-20 09:00,,24,接收,自然日
0000161,SITE-02,SSD-2026-01,常规生化,2026-09-20 20:00,2026-09-20 21:00,,24,接收,自然日
0000162,SITE-03,SSD-2026-01,血常规,2026-09-21 07:00,2026-09-21 08:30,,8,接收,自然日
0000163,SITE-03,SSD-2026-03,常规生化,2026-09-21 08:30,2026-09-21 09:30,,24,接收,自然日
0000164,SITE-05,SSD-2026-07,特殊项目,2026-09-21 06:00,2026-09-21 07:00,,72,采集,自然日
0000170,SITE-04,SSD-2026-03,血常规,,2026-09-21 10:00,,8,采集,自然日
0000171,SITE-04,SSD-2026-01,常规生化,2026-09-21 08:00,2026-09-21 09:00,,,接收,自然日
0000172,SITE-06,SSD-2026-03,血常规,2026-09-22 08:00,2026-09-22 08:30,2026-09-22 07:00,8,接收,自然日
0001723/2,SITE-01,SSD-2026-01,常规生化,2026-09-22 07:30,2026-09-22 08:00,,24,接收,自然日
0000174,SITE-02,SSD-2026-07,加急生化,2026-09-22 09:00,2026-09-22 08:00,,4,采集,自然日
0000180,SITE-05,SSD-2026-03,常规生化,2026-09-22 07:00,2026-09-22 07:20,,24,接收,自然日
0000180,SITE-05,SSD-2026-03,常规生化,2026-09-22 07:00,2026-09-22 07:20,,24,接收,自然日
0000190,SITE-02,SSD-2026-01,常规生化,2026-09-22 06:30,2026-09-22 07:00,,24,接收,自然日
0000191,SITE-02,SSD-2026-01,血常规,2026-09-22 06:50,2026-09-22 07:20,,8,接收,自然日
0000192,SITE-03,SSD-2026-03,特殊项目,2026-09-21 06:00,2026-09-21 07:30,,72,采集,自然日
0000193,SITE-04,SSD-2026-03,常规生化,2026-09-22 08:00,2026-09-22 08:30,,24,接收,工作日
0000194,SITE-04,SSD-2026-07,血常规,2026-09-22 08:00,2026-09-22 08:40,,8,接收,工作日
0000195,SITE-06,SSD-2026-03,特殊项目,2026-09-19 06:00,2026-09-19 08:30,,72,接收,自然日
0000196,SITE-06,SSD-2026-03,常规生化,2026-09-22 07:10,2026-09-22 07:30,2026-09-22 09:40,24,接收,自然日
0000197,SITE-05,SSD-2026-01,血常规,2026-09-22 06:00,2026-09-22 06:30,,8,接收,自然日
,合计 40 条,说明：数据截止 2026-09-22 10:00，由接收登记系统导出，时间为空表示还没发生,,,,,,,
