报告编号,委托单号,客户名称,产品名称,报告份数,报告日期,状态
WX260915001,WT26091512,浙江宏远纺织有限公司,铝合金/塑钢型材,2,2026-09-15,已出具
WX260915002,WT26091513,浙江宏远纺织有限公司,棉麻混纺面料,1,2026.09.15,已出具
QH260916003,WT26091620,上海启海化工有限公司,工业级环氧树脂,3,2026-09-16,已出具
QH260916004,WT26091621,上海启海化工有限公司,工业级环氧树脂,1,2026/09/16,已出具
JD260917005,WT26091731,江苏金鼎建材有限公司,建筑用钢化玻璃,1,2026-09-17,已出具
JD260917006,WT26091732,江苏金鼎建材有限公司,建筑用钢化玻璃,1,2026-09-17,已出具
AZ260918007,WT26091840,安徽新洲新材料有限公司,碳酸钙粉体,1,2026-09-18,已出具
AZ260918008,WT26091841,安徽新洲新材料有限公司,滑石粉,1,2026-09-18,已出具
WX260918009,WT26091850,浙江宏远纺织有限公司,涤纶长丝,1,2026-09-18,待审核
WX260918010,WT26091851,浙江宏远纺织有限公司,涤纶长丝,1,,已作废
QH260918011,WT26091860,上海启海化工有限公司,工业级环氧树脂,1,2026-09-18,已出具

,说明：报告日期以最终审批日期为准；作废报告的电子件需从分发目录一并回收。,,,,,
